<application>
  <component name="ProjectJdkTable">
    <jdk version="2">
      <name value="Python 3.6 (QtTest)" />
      <type value="Python SDK" />
      <version value="Python 3.6.8" />
      <homePath value="D:\QtTest\venv\Scripts\python.exe" />
      <roots>
        <classPath>
          <root type="composite">
            <root url="file://D:/TDProject/Python36/DLLs" type="simple" />
            <root url="file://D:/TDProject/Python36/Lib" type="simple" />
            <root url="file://D:/TDProject/Python36" type="simple" />
            <root url="file://D:/QtTest/venv" type="simple" />
            <root url="file://D:/QtTest/venv/Lib/site-packages" type="simple" />
            <root url="jar://D:/QtTest/venv/Lib/site-packages/setuptools-40.8.0-py3.6.egg!/" type="simple" />
            <root url="file://D:/QtTest/venv/Lib/site-packages/pip-19.0.3-py3.6.egg" type="simple" />
            <root url="file://$USER_HOME$/.PyCharmCE2019.1/system/python_stubs/371305470" type="simple" />
            <root url="file://$APPLICATION_HOME_DIR$/helpers/python-skeletons" type="simple" />
            <root url="file://$APPLICATION_HOME_DIR$/helpers/typeshed/stdlib/3" type="simple" />
            <root url="file://$APPLICATION_HOME_DIR$/helpers/typeshed/stdlib/2and3" type="simple" />
            <root url="file://$APPLICATION_HOME_DIR$/helpers/typeshed/third_party/3" type="simple" />
            <root url="file://$APPLICATION_HOME_DIR$/helpers/typeshed/third_party/2and3" type="simple" />
          </root>
        </classPath>
        <sourcePath>
          <root type="composite" />
        </sourcePath>
      </roots>
      <additional ASSOCIATED_PROJECT_PATH="D:/QtTest" />
    </jdk>
    <jdk version="2">
      <name value="Python 3.6 (pcl)" />
      <type value="Python SDK" />
      <version value="Python 3.6.8" />
      <homePath value="D:\TDProject\pcl\Scripts\python.exe" />
      <roots>
        <classPath>
          <root type="composite">
            <root url="file://D:/TDProject/pcl/Lib" type="simple" />
            <root url="file://D:/TDProject/pcl/Scripts" type="simple" />
            <root url="file://D:/TDProject/Python36/Lib" type="simple" />
            <root url="file://D:/TDProject/Python36/DLLs" type="simple" />
            <root url="file://D:/TDProject/pcl" type="simple" />
            <root url="file://D:/TDProject/pcl/Lib/site-packages" type="simple" />
            <root url="file://D:/TDProject/pcl/Lib/site-packages/python_pcl-0.3.0rc1-py3.6-win-amd64.egg" type="simple" />
            <root url="file://D:/TDProject/pcl/Lib/site-packages/numpy-1.16.4-py3.6-win-amd64.egg" type="simple" />
            <root url="file://D:/TDProject/pcl/Lib/site-packages/nose-1.3.7-py3.6.egg" type="simple" />
            <root url="file://D:/TDProject/pcl/Lib/site-packages/mock-3.0.5-py3.6.egg" type="simple" />
            <root url="file://D:/TDProject/pcl/Lib/site-packages/filelock-3.0.12-py3.6.egg" type="simple" />
            <root url="file://D:/TDProject/pcl/Lib/site-packages/six-1.12.0-py3.6.egg" type="simple" />
            <root url="file://$USER_HOME$/.PyCharmCE2019.1/system/python_stubs/1408540476" type="simple" />
            <root url="file://$APPLICATION_HOME_DIR$/helpers/python-skeletons" type="simple" />
            <root url="file://$APPLICATION_HOME_DIR$/helpers/typeshed/stdlib/3" type="simple" />
            <root url="file://$APPLICATION_HOME_DIR$/helpers/typeshed/stdlib/2and3" type="simple" />
            <root url="file://$APPLICATION_HOME_DIR$/helpers/typeshed/third_party/3" type="simple" />
            <root url="file://$APPLICATION_HOME_DIR$/helpers/typeshed/third_party/2and3" type="simple" />
          </root>
        </classPath>
        <sourcePath>
          <root type="composite" />
        </sourcePath>
      </roots>
      <additional ASSOCIATED_PROJECT_PATH="D:/QtTest" />
    </jdk>
  </component>
</application>